-- phpMyAdmin SQL Dump
-- version 5.1.1
-- https://www.phpmyadmin.net/
--
-- Servidor: localhost
-- Tiempo de generación: 17-08-2022 a las 05:15:59
-- Versión del servidor: 10.4.20-MariaDB
-- Versión de PHP: 7.4.21

SET SQL_MODE = "NO_AUTO_VALUE_ON_ZERO";
START TRANSACTION;
SET time_zone = "+00:00";


/*!40101 SET @OLD_CHARACTER_SET_CLIENT=@@CHARACTER_SET_CLIENT */;
/*!40101 SET @OLD_CHARACTER_SET_RESULTS=@@CHARACTER_SET_RESULTS */;
/*!40101 SET @OLD_COLLATION_CONNECTION=@@COLLATION_CONNECTION */;
/*!40101 SET NAMES utf8mb4 */;

--
-- Base de datos: `histocli`
--
create database histocli;
use histocli;
-- --------------------------------------------------------

--
-- Estructura de tabla para la tabla `agenda`
--

CREATE TABLE `agenda` (
  `id` int(20) NOT NULL,
  `id_profesional` int(20) NOT NULL,
  `start` datetime NOT NULL,
  `end` datetime NOT NULL,
  `descrip` text DEFAULT NULL,
  `ocupado` varchar(10) NOT NULL DEFAULT 'false',
  `editable` varchar(10) NOT NULL DEFAULT 'true'
) ENGINE=MyISAM DEFAULT CHARSET=latin1;

--
-- Volcado de datos para la tabla `agenda`
--

INSERT INTO `agenda` (`id`, `id_profesional`, `start`, `end`, `descrip`, `ocupado`, `editable`) VALUES
(2, 1, '2014-09-04 00:00:00', '2014-09-06 00:00:00', 'todo el dia', 'false', 'true'),
(3, 7, '2014-09-17 00:00:00', '2014-09-20 00:00:00', '17, 18 y 19 tres dias', 'false', 'true'),
(4, 1, '2014-09-05 06:30:00', '2014-09-05 07:15:00', 'agendita', 'false', 'true'),
(5, 3, '2014-09-06 00:00:00', '2014-09-07 00:00:00', 'fulano', 'false', 'true'),
(6, 7, '2014-10-03 00:00:00', '2014-10-04 00:00:00', 'niccur', 'false', 'true'),
(7, 1, '2014-10-10 01:45:00', '2014-10-10 10:15:00', 'juli', 'false', 'true'),
(8, 6, '2014-10-23 00:00:00', '2014-10-24 00:00:00', 'adri', 'false', 'true'),
(9, 6, '2014-10-25 00:00:00', '2014-10-26 00:00:00', 'adri', 'false', 'true'),
(10, 3, '2014-10-23 09:00:00', '2014-10-23 09:45:00', 'fulano cosme', 'false', 'true'),
(11, 6, '2014-10-21 07:30:00', '2014-10-21 08:45:00', 'agenda de adriana', 'false', 'true'),
(12, 6, '2014-11-22 00:00:00', '2014-11-25 00:00:00', 'adri del 22 al 24 blabla', 'false', 'true'),
(13, 3, '2014-11-22 07:30:00', '2014-11-22 08:30:00', 'nada nada', 'false', 'true'),
(14, 7, '2014-11-24 08:00:00', '2014-11-24 09:15:00', 'prueba niccur nada nada', 'false', 'true'),
(15, 1, '2014-11-23 08:15:00', '2014-11-23 09:30:00', 'juli julii', 'false', 'true'),
(16, 6, '2014-11-21 08:30:00', '2014-11-21 09:30:00', 'aasiweofhewofwe', 'false', 'true'),
(17, 7, '2014-11-14 07:15:00', '2014-11-14 08:15:00', 'niccur niconico', 'false', 'true'),
(18, 7, '2015-04-08 07:15:00', '2015-04-08 08:00:00', 'hola niccur', 'false', 'true'),
(19, 1, '2016-03-08 00:00:00', '2016-03-10 00:00:00', 'no dar turnos', 'false', 'true'),
(20, 6, '2016-02-24 00:00:00', '2016-02-25 00:00:00', 'no dar turno', 'false', 'true'),
(21, 1, '2022-07-14 06:30:00', '2022-07-14 07:15:00', ',,,,', 'false', 'true'),
(22, 1, '2022-07-12 07:15:00', '2022-07-12 09:00:00', 'mmmm', 'false', 'true');

-- --------------------------------------------------------

--
-- Estructura de tabla para la tabla `anamnesis`
--

CREATE TABLE `anamnesis` (
  `id` int(20) NOT NULL,
  `id_paciente` int(20) NOT NULL,
  `patologicos` text DEFAULT NULL COMMENT 'antecedentes patologicos',
  `rm` text DEFAULT NULL COMMENT 'ritmo menstrual',
  `fisica` int(1) DEFAULT NULL COMMENT 'actividad fisica 0:alta,1:media,2:baja,3:nula',
  `alimentario` text DEFAULT NULL COMMENT 'habitos alimentarios',
  `tabaco` int(1) DEFAULT NULL COMMENT '0: no fuma 1:fumador',
  `alcohol` int(1) DEFAULT NULL COMMENT '0:alto,1:medio,2:bajo,3:abstemio',
  `sueno` varchar(5) DEFAULT NULL COMMENT 'horas de sueno',
  `alergias` text DEFAULT NULL,
  `observaciones` text DEFAULT NULL,
  `sol` int(1) DEFAULT NULL
) ENGINE=InnoDB DEFAULT CHARSET=latin1;

--
-- Volcado de datos para la tabla `anamnesis`
--

INSERT INTO `anamnesis` (`id`, `id_paciente`, `patologicos`, `rm`, `fisica`, `alimentario`, `tabaco`, `alcohol`, `sueno`, `alergias`, `observaciones`, `sol`) VALUES
(1, 4, 'antecedentes patologicos\'oi;ug', '', 2, 'vegetariano', 1, 0, '3:00', 'no tiene alergias asfnafkohf', '', NULL),
(2, 17, 'rossseaigm', 'exacto', 2, 'vegana vvlkuygfkif', 1, 0, '', '', '', 2),
(4, 18, 'patapataaaa', '', 2, 'p8y6fp98fZS', 1, 0, '8', 'al agua', '', NULL),
(5, 1, 'vejez milenaria', 'ninguno', 0, 'eces', 0, 2, '', '', '', NULL),
(12, 13, '', '', 1, 'wewewe', 0, 0, '', '', '', NULL),
(13, 21, '', '', 2, '', NULL, NULL, '', '', '', NULL),
(15, 22, '', '', NULL, '', NULL, 1, '', '', '', NULL),
(16, 23, '', '', NULL, '', 1, NULL, '', '', '', NULL),
(18, 24, 'no bebe cerveza', '', NULL, '', 1, 3, '', '', '', 2),
(19, 26, '', 'nose', 2, 'boludeses', 0, 2, '', 'piel', '', 3);

-- --------------------------------------------------------

--
-- Estructura de tabla para la tabla `ci_sessions`
--

CREATE TABLE `ci_sessions` (
  `id` varchar(40) NOT NULL,
  `ip_address` varchar(45) NOT NULL,
  `timestamp` int(10) UNSIGNED NOT NULL DEFAULT 0,
  `data` blob NOT NULL
) ENGINE=InnoDB DEFAULT CHARSET=utf8mb4;

--
-- Volcado de datos para la tabla `ci_sessions`
--

INSERT INTO `ci_sessions` (`id`, `ip_address`, `timestamp`, `data`) VALUES
('180323a8813229e9cc48953ddd5969210ed0dee3', '::1', 1660535556, 0x5f5f63695f6c6173745f726567656e65726174657c693a313636303533353534323b7573756172696f7c4f3a383a22737464436c617373223a363a7b733a383a22757365726e616d65223b733a363a226e6963637572223b733a353a22636c617665223b733a34303a2266363737613839623265393062356630623331316462323139653032316335353437303936346530223b733a363a2261636365736f223b733a313a2231223b733a363a2265737461646f223b733a313a2231223b733a363a226e6f6d627265223b733a373a224e69636f6c6173223b733a383a226170656c6c69646f223b733a363a224e6965766573223b7d),
('1cd9fb10560e0b280bd2df304e73fd16b3c092bc', '::1', 1660595925, 0x5f5f63695f6c6173745f726567656e65726174657c693a313636303539353932353b7573756172696f7c4f3a383a22737464436c617373223a363a7b733a383a22757365726e616d65223b733a363a226e6963637572223b733a353a22636c617665223b733a34303a2266363737613839623265393062356630623331316462323139653032316335353437303936346530223b733a363a2261636365736f223b733a313a2231223b733a363a2265737461646f223b733a313a2231223b733a363a226e6f6d627265223b733a373a224e69636f6c6173223b733a383a226170656c6c69646f223b733a363a224e6965766573223b7d696450616369656e74657c4e3b6e6f6d6272657c4e3b6170656c6c69646f7c4e3b6d6f646f7c4e3b6964486973746f7c4e3b616374696f6e7c4e3b636c6176657c693a3332333636393b),
('1d780aaf6e56ab7e1c22e5e0296b2dd80707459d', '::1', 1660534827, 0x5f5f63695f6c6173745f726567656e65726174657c693a313636303533343832373b7573756172696f7c4f3a383a22737464436c617373223a363a7b733a383a22757365726e616d65223b733a363a226e6963637572223b733a353a22636c617665223b733a34303a2266363737613839623265393062356630623331316462323139653032316335353437303936346530223b733a363a2261636365736f223b733a313a2231223b733a363a2265737461646f223b733a313a2231223b733a363a226e6f6d627265223b733a373a224e69636f6c6173223b733a383a226170656c6c69646f223b733a363a224e6965766573223b7d),
('1f6b97291854964b1e58089da344fab257a72998', '::1', 1660701565, 0x5f5f63695f6c6173745f726567656e65726174657c693a313636303730313536353b7573756172696f7c4f3a383a22737464436c617373223a363a7b733a383a22757365726e616d65223b733a363a226e6963637572223b733a353a22636c617665223b733a34303a2266363737613839623265393062356630623331316462323139653032316335353437303936346530223b733a363a2261636365736f223b733a313a2231223b733a363a2265737461646f223b733a313a2231223b733a363a226e6f6d627265223b733a373a224e69636f6c6173223b733a383a226170656c6c69646f223b733a363a224e6965766573223b7d),
('22b1daed95c59e22e7bf0145a1ef513019a811e7', '::1', 1660535542, 0x5f5f63695f6c6173745f726567656e65726174657c693a313636303533353534323b7573756172696f7c4f3a383a22737464436c617373223a363a7b733a383a22757365726e616d65223b733a363a226e6963637572223b733a353a22636c617665223b733a34303a2266363737613839623265393062356630623331316462323139653032316335353437303936346530223b733a363a2261636365736f223b733a313a2231223b733a363a2265737461646f223b733a313a2231223b733a363a226e6f6d627265223b733a373a224e69636f6c6173223b733a383a226170656c6c69646f223b733a363a224e6965766573223b7d),
('34bf5741288fd21b10c7b4af1a01452be233cde1', '::1', 1660534031, 0x5f5f63695f6c6173745f726567656e65726174657c693a313636303533343033313b7573756172696f7c4f3a383a22737464436c617373223a363a7b733a383a22757365726e616d65223b733a363a226e6963637572223b733a353a22636c617665223b733a34303a2266363737613839623265393062356630623331316462323139653032316335353437303936346530223b733a363a2261636365736f223b733a313a2231223b733a363a2265737461646f223b733a313a2231223b733a363a226e6f6d627265223b733a373a224e69636f6c6173223b733a383a226170656c6c69646f223b733a363a224e6965766573223b7d),
('37aa79fc6e8a22f5dc471fceabc57ac0d2aa97fa', '::1', 1660703522, 0x5f5f63695f6c6173745f726567656e65726174657c693a313636303730333532323b7573756172696f7c4f3a383a22737464436c617373223a363a7b733a383a22757365726e616d65223b733a363a226e6963637572223b733a353a22636c617665223b733a34303a2266363737613839623265393062356630623331316462323139653032316335353437303936346530223b733a363a2261636365736f223b733a313a2231223b733a363a2265737461646f223b733a313a2231223b733a363a226e6f6d627265223b733a373a224e69636f6c6173223b733a383a226170656c6c69646f223b733a363a224e6965766573223b7d696450616369656e74657c733a323a223137223b6e6f6d6272657c733a31343a224a6573736963612046756c616e61223b69644d65646964617c733a323a223334223b6d6f646f7c733a363a22656469746172223b6964547261747c4e3b7475726e6f7c4e3b696e7465727c4e3b646573637269707c4e3b70726f667c4e3b616374696f6e7c4e3b),
('3e5b1806c1abf5b84244326089bd171825c23d5c', '::1', 1660592633, 0x5f5f63695f6c6173745f726567656e65726174657c693a313636303539323633333b7573756172696f7c4f3a383a22737464436c617373223a363a7b733a383a22757365726e616d65223b733a363a226e6963637572223b733a353a22636c617665223b733a34303a2266363737613839623265393062356630623331316462323139653032316335353437303936346530223b733a363a2261636365736f223b733a313a2231223b733a363a2265737461646f223b733a313a2231223b733a363a226e6f6d627265223b733a373a224e69636f6c6173223b733a383a226170656c6c69646f223b733a363a224e6965766573223b7d),
('44de44a35412af8eaadcb0a109735372b8eb61ce', '::1', 1660599703, 0x7573756172696f7c4f3a383a22737464436c617373223a363a7b733a383a22757365726e616d65223b733a363a226e6963637572223b733a353a22636c617665223b733a34303a2266363737613839623265393062356630623331316462323139653032316335353437303936346530223b733a363a2261636365736f223b733a313a2231223b733a363a2265737461646f223b733a313a2231223b733a363a226e6f6d627265223b733a373a224e69636f6c6173223b733a383a226170656c6c69646f223b733a363a224e6965766573223b7d5f5f63695f6c6173745f726567656e65726174657c693a313636303539393637373b),
('4f2a337f5035d78ee281acada8dc42cffee421ec', '::1', 1660702192, 0x5f5f63695f6c6173745f726567656e65726174657c693a313636303730323139323b7573756172696f7c4f3a383a22737464436c617373223a363a7b733a383a22757365726e616d65223b733a363a226e6963637572223b733a353a22636c617665223b733a34303a2266363737613839623265393062356630623331316462323139653032316335353437303936346530223b733a363a2261636365736f223b733a313a2231223b733a363a2265737461646f223b733a313a2231223b733a363a226e6f6d627265223b733a373a224e69636f6c6173223b733a383a226170656c6c69646f223b733a363a224e6965766573223b7d696450616369656e74657c733a323a223236223b6e6f6d6272657c733a31373a224a756c696574612042656e76656e75746f223b69644d65646964617c733a313a2230223b6d6f646f7c733a373a2261677265676172223b),
('5136838f72be7b982442ddfb9a52398b76d25782', '::1', 1660702494, 0x5f5f63695f6c6173745f726567656e65726174657c693a313636303730323439343b7573756172696f7c4f3a383a22737464436c617373223a363a7b733a383a22757365726e616d65223b733a363a226e6963637572223b733a353a22636c617665223b733a34303a2266363737613839623265393062356630623331316462323139653032316335353437303936346530223b733a363a2261636365736f223b733a313a2231223b733a363a2265737461646f223b733a313a2231223b733a363a226e6f6d627265223b733a373a224e69636f6c6173223b733a383a226170656c6c69646f223b733a363a224e6965766573223b7d696450616369656e74657c733a323a223138223b6e6f6d6272657c733a31313a224a75616e20506972756c6f223b69644d65646964617c733a313a2230223b6d6f646f7c733a373a2261677265676172223b),
('5be6f76702f4b3ee381af34c8e5c5b12ed141ed1', '::1', 1660532095, 0x5f5f63695f6c6173745f726567656e65726174657c693a313636303533323039353b7573756172696f7c4f3a383a22737464436c617373223a363a7b733a383a22757365726e616d65223b733a363a226e6963637572223b733a353a22636c617665223b733a34303a2266363737613839623265393062356630623331316462323139653032316335353437303936346530223b733a363a2261636365736f223b733a313a2231223b733a363a2265737461646f223b733a313a2231223b733a363a226e6f6d627265223b733a373a224e69636f6c6173223b733a383a226170656c6c69646f223b733a363a224e6965766573223b7d),
('5ccdbf4881b2c593dd017cfcd82ed9dcda2f972f', '::1', 1660597413, 0x5f5f63695f6c6173745f726567656e65726174657c693a313636303539373431333b7573756172696f7c4f3a383a22737464436c617373223a363a7b733a383a22757365726e616d65223b733a363a226e6963637572223b733a353a22636c617665223b733a34303a2266363737613839623265393062356630623331316462323139653032316335353437303936346530223b733a363a2261636365736f223b733a313a2231223b733a363a2265737461646f223b733a313a2231223b733a363a226e6f6d627265223b733a373a224e69636f6c6173223b733a383a226170656c6c69646f223b733a363a224e6965766573223b7d696450616369656e74657c733a323a223237223b6e6f6d6272657c733a323a227878223b6170656c6c69646f7c733a323a227878223b6d6f646f7c4e3b6964486973746f7c4e3b616374696f6e7c4e3b636c6176657c693a3332333636393b),
('662863b92de47e7e7b73199536bfe1ae20d16503', '::1', 1660598469, 0x7573756172696f7c4f3a383a22737464436c617373223a363a7b733a383a22757365726e616d65223b733a363a226e6963637572223b733a353a22636c617665223b733a34303a2266363737613839623265393062356630623331316462323139653032316335353437303936346530223b733a363a2261636365736f223b733a313a2231223b733a363a2265737461646f223b733a313a2231223b733a363a226e6f6d627265223b733a373a224e69636f6c6173223b733a383a226170656c6c69646f223b733a363a224e6965766573223b7d5f5f63695f6c6173745f726567656e65726174657c693a313636303539383436393b696450616369656e74657c4e3b6e6f6d6272657c4e3b6170656c6c69646f7c4e3b6d6f646f7c4e3b6964486973746f7c4e3b616374696f6e7c4e3b),
('88e44a6e35cca8b3de1aa2d585659b3940cec841', '::1', 1660596506, 0x5f5f63695f6c6173745f726567656e65726174657c693a313636303539363530363b7573756172696f7c4f3a383a22737464436c617373223a363a7b733a383a22757365726e616d65223b733a363a226e6963637572223b733a353a22636c617665223b733a34303a2266363737613839623265393062356630623331316462323139653032316335353437303936346530223b733a363a2261636365736f223b733a313a2231223b733a363a2265737461646f223b733a313a2231223b733a363a226e6f6d627265223b733a373a224e69636f6c6173223b733a383a226170656c6c69646f223b733a363a224e6965766573223b7d696450616369656e74657c4e3b6e6f6d6272657c4e3b6170656c6c69646f7c4e3b6d6f646f7c4e3b6964486973746f7c4e3b616374696f6e7c4e3b636c6176657c693a3332333636393b),
('951b9e76eea93aec77e8adb22aad336ff8bb965e', '::1', 1660703834, 0x5f5f63695f6c6173745f726567656e65726174657c693a313636303730333833343b7573756172696f7c4f3a383a22737464436c617373223a363a7b733a383a22757365726e616d65223b733a363a226e6963637572223b733a353a22636c617665223b733a34303a2266363737613839623265393062356630623331316462323139653032316335353437303936346530223b733a363a2261636365736f223b733a313a2231223b733a363a2265737461646f223b733a313a2231223b733a363a226e6f6d627265223b733a373a224e69636f6c6173223b733a383a226170656c6c69646f223b733a363a224e6965766573223b7d696450616369656e74657c733a323a223234223b6e6f6d6272657c733a31323a22686f6d65726f206368696e6f223b69644d65646964617c733a323a223334223b6d6f646f7c733a363a22656469746172223b6964547261747c4e3b7475726e6f7c4e3b696e7465727c4e3b646573637269707c4e3b70726f667c4e3b616374696f6e7c4e3b),
('bb8d5d18d78618c9f501aa3758119eb329c53996', '::1', 1660531676, 0x5f5f63695f6c6173745f726567656e65726174657c693a313636303533313637363b7573756172696f7c4f3a383a22737464436c617373223a363a7b733a383a22757365726e616d65223b733a363a226e6963637572223b733a353a22636c617665223b733a34303a2266363737613839623265393062356630623331316462323139653032316335353437303936346530223b733a363a2261636365736f223b733a313a2231223b733a363a2265737461646f223b733a313a2231223b733a363a226e6f6d627265223b733a373a224e69636f6c6173223b733a383a226170656c6c69646f223b733a363a224e6965766573223b7d),
('bc6468c36c10bb1470ebbc4c24124885b8446273', '::1', 1660597809, 0x5f5f63695f6c6173745f726567656e65726174657c693a313636303539373830393b7573756172696f7c4f3a383a22737464436c617373223a363a7b733a383a22757365726e616d65223b733a363a226e6963637572223b733a353a22636c617665223b733a34303a2266363737613839623265393062356630623331316462323139653032316335353437303936346530223b733a363a2261636365736f223b733a313a2231223b733a363a2265737461646f223b733a313a2231223b733a363a226e6f6d627265223b733a373a224e69636f6c6173223b733a383a226170656c6c69646f223b733a363a224e6965766573223b7d696450616369656e74657c733a323a223237223b6e6f6d6272657c733a323a227878223b6170656c6c69646f7c733a323a227878223b6d6f646f7c4e3b6964486973746f7c4e3b616374696f6e7c4e3b636c6176657c693a3332333636393b),
('bd230e4bb77536eec11773810ee30e8b8ee246ae', '::1', 1660599677, 0x7573756172696f7c4f3a383a22737464436c617373223a363a7b733a383a22757365726e616d65223b733a363a226e6963637572223b733a353a22636c617665223b733a34303a2266363737613839623265393062356630623331316462323139653032316335353437303936346530223b733a363a2261636365736f223b733a313a2231223b733a363a2265737461646f223b733a313a2231223b733a363a226e6f6d627265223b733a373a224e69636f6c6173223b733a383a226170656c6c69646f223b733a363a224e6965766573223b7d5f5f63695f6c6173745f726567656e65726174657c693a313636303539393637373b),
('be9f9442b8b7cf14dabd0b19f2bab677cd75a9cf', '::1', 1660599320, 0x7573756172696f7c4f3a383a22737464436c617373223a363a7b733a383a22757365726e616d65223b733a363a226e6963637572223b733a353a22636c617665223b733a34303a2266363737613839623265393062356630623331316462323139653032316335353437303936346530223b733a363a2261636365736f223b733a313a2231223b733a363a2265737461646f223b733a313a2231223b733a363a226e6f6d627265223b733a373a224e69636f6c6173223b733a383a226170656c6c69646f223b733a363a224e6965766573223b7d5f5f63695f6c6173745f726567656e65726174657c693a313636303539393332303b),
('c670167b80db9c49a2b82286b189b309b4883ca5', '::1', 1660535139, 0x5f5f63695f6c6173745f726567656e65726174657c693a313636303533353133393b7573756172696f7c4f3a383a22737464436c617373223a363a7b733a383a22757365726e616d65223b733a363a226e6963637572223b733a353a22636c617665223b733a34303a2266363737613839623265393062356630623331316462323139653032316335353437303936346530223b733a363a2261636365736f223b733a313a2231223b733a363a2265737461646f223b733a313a2231223b733a363a226e6f6d627265223b733a373a224e69636f6c6173223b733a383a226170656c6c69646f223b733a363a224e6965766573223b7d),
('cb5094c3b0565332836372770934de5009cc7203', '::1', 1660593747, 0x5f5f63695f6c6173745f726567656e65726174657c693a313636303539333734373b7573756172696f7c4f3a383a22737464436c617373223a363a7b733a383a22757365726e616d65223b733a363a226e6963637572223b733a353a22636c617665223b733a34303a2266363737613839623265393062356630623331316462323139653032316335353437303936346530223b733a363a2261636365736f223b733a313a2231223b733a363a2265737461646f223b733a313a2231223b733a363a226e6f6d627265223b733a373a224e69636f6c6173223b733a383a226170656c6c69646f223b733a363a224e6965766573223b7d),
('ccd4ea349aa2ddefa7fa072be8fba4843b64460b', '::1', 1660699195, 0x5f5f63695f6c6173745f726567656e65726174657c693a313636303639393139353b),
('d6b8758def88756ce359a71b75c3f08fa4e06f7d', '::1', 1660594849, 0x5f5f63695f6c6173745f726567656e65726174657c693a313636303539343834393b7573756172696f7c4f3a383a22737464436c617373223a363a7b733a383a22757365726e616d65223b733a363a226e6963637572223b733a353a22636c617665223b733a34303a2266363737613839623265393062356630623331316462323139653032316335353437303936346530223b733a363a2261636365736f223b733a313a2231223b733a363a2265737461646f223b733a313a2231223b733a363a226e6f6d627265223b733a373a224e69636f6c6173223b733a383a226170656c6c69646f223b733a363a224e6965766573223b7d),
('da04ed149351bd857fbfb5a360b43b218426a795', '::1', 1660701881, 0x5f5f63695f6c6173745f726567656e65726174657c693a313636303730313838313b7573756172696f7c4f3a383a22737464436c617373223a363a7b733a383a22757365726e616d65223b733a363a226e6963637572223b733a353a22636c617665223b733a34303a2266363737613839623265393062356630623331316462323139653032316335353437303936346530223b733a363a2261636365736f223b733a313a2231223b733a363a2265737461646f223b733a313a2231223b733a363a226e6f6d627265223b733a373a224e69636f6c6173223b733a383a226170656c6c69646f223b733a363a224e6965766573223b7d696450616369656e74657c733a323a223138223b6e6f6d6272657c733a31313a224a75616e20506972756c6f223b),
('df5f97b1d68fc11e7e85f28e0b8e86afdfbc3b99', '::1', 1660598026, 0x5f5f63695f6c6173745f726567656e65726174657c693a313636303539383032363b),
('ed4366557846b87b09962c4cc6e2854aba846d44', '::1', 1660598994, 0x7573756172696f7c4f3a383a22737464436c617373223a363a7b733a383a22757365726e616d65223b733a363a226e6963637572223b733a353a22636c617665223b733a34303a2266363737613839623265393062356630623331316462323139653032316335353437303936346530223b733a363a2261636365736f223b733a313a2231223b733a363a2265737461646f223b733a313a2231223b733a363a226e6f6d627265223b733a373a224e69636f6c6173223b733a383a226170656c6c69646f223b733a363a224e6965766573223b7d5f5f63695f6c6173745f726567656e65726174657c693a313636303539383939343b),
('f4a74816b5eb53f8377c2442cb13d62d35a03c8f', '::1', 1660594054, 0x5f5f63695f6c6173745f726567656e65726174657c693a313636303539343035343b7573756172696f7c4f3a383a22737464436c617373223a363a7b733a383a22757365726e616d65223b733a363a226e6963637572223b733a353a22636c617665223b733a34303a2266363737613839623265393062356630623331316462323139653032316335353437303936346530223b733a363a2261636365736f223b733a313a2231223b733a363a2265737461646f223b733a313a2231223b733a363a226e6f6d627265223b733a373a224e69636f6c6173223b733a383a226170656c6c69646f223b733a363a224e6965766573223b7d),
('f69e2f58c818e6b82e3a41b476ac854f420e7b99', '::1', 1660703998, 0x5f5f63695f6c6173745f726567656e65726174657c693a313636303730333833343b7573756172696f7c4f3a383a22737464436c617373223a363a7b733a383a22757365726e616d65223b733a363a226e6963637572223b733a353a22636c617665223b733a34303a2266363737613839623265393062356630623331316462323139653032316335353437303936346530223b733a363a2261636365736f223b733a313a2231223b733a363a2265737461646f223b733a313a2231223b733a363a226e6f6d627265223b733a373a224e69636f6c6173223b733a383a226170656c6c69646f223b733a363a224e6965766573223b7d696450616369656e74657c733a323a223234223b6e6f6d6272657c733a363a22686f6d65726f223b69644d65646964617c733a323a223334223b6d6f646f7c733a363a22656469746172223b6964547261747c733a323a223338223b7475726e6f7c733a31393a22323032322d30382d31362032333a33393a3030223b696e7465727c4e3b646573637269707c733a353a226b6b6b6b6b223b70726f667c733a313a2237223b616374696f6e7c4e3b6170656c6c69646f7c733a353a226368696e6f223b),
('ff625989e351a45b072613b81ef0811040165ab5', '::1', 1660703203, 0x5f5f63695f6c6173745f726567656e65726174657c693a313636303730333230333b7573756172696f7c4f3a383a22737464436c617373223a363a7b733a383a22757365726e616d65223b733a363a226e6963637572223b733a353a22636c617665223b733a34303a2266363737613839623265393062356630623331316462323139653032316335353437303936346530223b733a363a2261636365736f223b733a313a2231223b733a363a2265737461646f223b733a313a2231223b733a363a226e6f6d627265223b733a373a224e69636f6c6173223b733a383a226170656c6c69646f223b733a363a224e6965766573223b7d696450616369656e74657c733a323a223236223b6e6f6d6272657c733a31373a224a756c696574612042656e76656e75746f223b69644d65646964617c733a323a223334223b6d6f646f7c733a363a22656469746172223b);

-- --------------------------------------------------------

--
-- Estructura de tabla para la tabla `ctacont_mes`
--

CREATE TABLE `ctacont_mes` (
  `id` int(11) NOT NULL,
  `anio` int(4) NOT NULL,
  `mes` int(2) NOT NULL,
  `total_pesos_caja` decimal(15,2) NOT NULL DEFAULT 0.00,
  `total_dolar_caja` decimal(15,2) NOT NULL DEFAULT 0.00,
  `total_pesos_cc` decimal(15,2) NOT NULL DEFAULT 0.00,
  `total_dolar_cc` decimal(15,2) NOT NULL DEFAULT 0.00,
  `total_otros_caja` decimal(15,2) NOT NULL DEFAULT 0.00,
  `username` varchar(50) NOT NULL
) ENGINE=InnoDB DEFAULT CHARSET=latin1;

-- --------------------------------------------------------

--
-- Estructura de tabla para la tabla `ctacont_mes_paciente`
--

CREATE TABLE `ctacont_mes_paciente` (
  `id` int(20) NOT NULL,
  `id_paciente` int(20) NOT NULL,
  `anio` int(4) NOT NULL,
  `mes` int(2) NOT NULL,
  `saldo_pesos` decimal(15,2) NOT NULL DEFAULT 0.00,
  `saldo_dolares` decimal(15,2) NOT NULL DEFAULT 0.00,
  `username` varchar(50) NOT NULL
) ENGINE=InnoDB DEFAULT CHARSET=latin1;

-- --------------------------------------------------------

--
-- Estructura de tabla para la tabla `departamento`
--

CREATE TABLE `departamento` (
  `id` int(20) NOT NULL,
  `nombre` varchar(50) NOT NULL
) ENGINE=MyISAM DEFAULT CHARSET=latin1;

--
-- Volcado de datos para la tabla `departamento`
--

INSERT INTO `departamento` (`id`, `nombre`) VALUES
(1, 'DERMATOLOGIA'),
(2, 'ESTETICA'),
(3, 'COSMETOLOGIA'),
(4, 'NUTRICION'),
(5, 'FLEBOLOGIA'),
(6, 'CIRUGIA PLASTICA');

-- --------------------------------------------------------

--
-- Estructura de tabla para la tabla `descuentos`
--

CREATE TABLE `descuentos` (
  `id` int(20) NOT NULL,
  `estado` int(1) NOT NULL DEFAULT 0 COMMENT '0:activo, 1:inactivo',
  `id_tratamiento_cab` int(20) DEFAULT NULL,
  `id_producto` int(20) DEFAULT NULL,
  `nombre` varchar(50) NOT NULL COMMENT 'nombre del descuento',
  `descripcion` text DEFAULT NULL,
  `fecha_desde` date NOT NULL,
  `fecha_hasta` date DEFAULT NULL COMMENT 'el fecha hasta es opcional para el caso de los descuentos de pacientes..E lpaciente al tener solo fecha descuento "desde", tiene un descuento "activo" vigente para usar en su proximo tratamiento o cosa. Cuando se lo toma sl sistema pondra fecha hasta y de esta manera se "cierra/inactiva" el descuento',
  `porcentaje` decimal(5,2) NOT NULL DEFAULT 0.00,
  `id_intervencion` int(20) DEFAULT NULL,
  `id_paciente` int(20) DEFAULT NULL
) ENGINE=InnoDB DEFAULT CHARSET=latin1;

--
-- Volcado de datos para la tabla `descuentos`
--

INSERT INTO `descuentos` (`id`, `estado`, `id_tratamiento_cab`, `id_producto`, `nombre`, `descripcion`, `fecha_desde`, `fecha_hasta`, `porcentaje`, `id_intervencion`, `id_paciente`) VALUES
(1, 0, 1, NULL, 'PROMO MESO CAPILAR 5%', 'DESCUENTO DE PRIMAVERA MESO CAPILAR PLASMA RICO EN PLAQUETAS', '2015-09-01', '2015-10-30', '5.00', NULL, NULL),
(2, 0, NULL, NULL, 'PROMO PLASMA RP', NULL, '2015-09-01', '2015-10-30', '10.00', 6, NULL);

-- --------------------------------------------------------

--
-- Estructura de tabla para la tabla `diagnostico`
--

CREATE TABLE `diagnostico` (
  `id` int(20) NOT NULL,
  `nombre` varchar(100) NOT NULL,
  `descrip` text DEFAULT NULL
) ENGINE=MyISAM DEFAULT CHARSET=latin1;

--
-- Volcado de datos para la tabla `diagnostico`
--

INSERT INTO `diagnostico` (`id`, `nombre`, `descrip`) VALUES
(1, 'peludismo', 'muchos pelos'),
(2, 'acne', 'granitos'),
(3, 'varices', 'venas que se ven feo'),
(4, 'flacides', 'carnes caidas jaja'),
(5, 'celulitis', 'piel de naranja'),
(6, 'meteorismo', 'pedos olorosos'),
(7, 'fiebre', NULL);

-- --------------------------------------------------------

--
-- Estructura de tabla para la tabla `diagnosticogrupo`
--

CREATE TABLE `diagnosticogrupo` (
  `id` int(20) NOT NULL,
  `id_paciente` int(20) NOT NULL,
  `id_diagnostico` int(20) NOT NULL,
  `fecha` date NOT NULL
) ENGINE=MyISAM DEFAULT CHARSET=latin1;

-- --------------------------------------------------------

--
-- Estructura de tabla para la tabla `estadosturnos`
--

CREATE TABLE `estadosturnos` (
  `id` int(20) NOT NULL,
  `nombre` varchar(50) NOT NULL
) ENGINE=MyISAM DEFAULT CHARSET=latin1;

--
-- Volcado de datos para la tabla `estadosturnos`
--

INSERT INTO `estadosturnos` (`id`, `nombre`) VALUES
(1, 'PENDIENTE'),
(2, 'TOMADO'),
(3, 'CANCELADO');

-- --------------------------------------------------------

--
-- Estructura de tabla para la tabla `fotos`
--

CREATE TABLE `fotos` (
  `id` int(20) NOT NULL,
  `id_paciente` int(20) DEFAULT NULL,
  `id_histo` int(20) DEFAULT NULL,
  `nombre` varchar(200) DEFAULT NULL
) ENGINE=MyISAM DEFAULT CHARSET=latin1;

--
-- Volcado de datos para la tabla `fotos`
--

INSERT INTO `fotos` (`id`, `id_paciente`, `id_histo`, `nombre`) VALUES
(54, 24, 110, '16589603316683940738324367393691.jpg'),
(55, 24, 110, '16589603775334639013038794792487.jpg'),
(58, 24, 142, '16589784071584280832713961982462.jpg'),
(57, 13, 141, '16589605947651615910044514599864.jpg'),
(59, 17, 123, 'Captura de pantalla 2022-04-22 183849.png'),
(65, 17, 149, 'IMG_20220228_120417.jpg'),
(64, 17, 149, 'IMG_20220228_120423.jpg'),
(70, 24, 142, '1660344326172448330473087990876.jpg'),
(71, 27, 155, 'wp4551859-grub-wallpapers.png'),
(72, 27, 156, 'baja monotributo.png');

-- --------------------------------------------------------

--
-- Estructura de tabla para la tabla `histo`
--

CREATE TABLE `histo` (
  `id` int(20) NOT NULL,
  `id_turno` int(20) DEFAULT NULL,
  `id_profesional` int(20) NOT NULL,
  `tratamiento` text DEFAULT NULL,
  `tags` varchar(500) DEFAULT NULL COMMENT 'hastags labels',
  `fecha` date NOT NULL COMMENT 'visualmente (front end) por medio de este campo es que se agrupan y se obtienen los registros de esta tabla.',
  `id_paciente` int(20) NOT NULL,
  `costo` decimal(15,2) NOT NULL DEFAULT 0.00 COMMENT 'el sistema sugerira el precio de la tabla de precios...si la intervencion no tiene precio o si se desea perzonalizar el precio se puede cambiar.\nsi el paciente paga por adelantado un tratamiento completo a precio de cabecera, puede informarse el costo en la primer sesion...y las demas lineas con costo 0cero\nEste campo se utiliza para comparar los pagos y saber el estado de cuenta del paciente.\nsi el costo hace referencia a un producto (crema) se muestra el total sumando las cantidades informadas',
  `moneda` int(1) NOT NULL DEFAULT 0,
  `medicacion` text DEFAULT NULL,
  `diagnostico` text DEFAULT NULL,
  `descrip_intervencion` text NOT NULL
) ENGINE=MyISAM DEFAULT CHARSET=latin1 COMMENT='tabla de tratamientos y consultas medicas';

--
-- Volcado de datos para la tabla `histo`
--

INSERT INTO `histo` (`id`, `id_turno`, `id_profesional`, `tratamiento`, `tags`, `fecha`, `id_paciente`, `costo`, `moneda`, `medicacion`, `diagnostico`, `descrip_intervencion`) VALUES
(37, NULL, 7, 'mmm', NULL, '2022-07-09', 2, '0.00', 0, 'cocaina', '', 'mmmm'),
(18, NULL, 1, '', NULL, '0000-00-00', 1, '0.00', 0, '', '', 'Mirta intervencion'),
(123, NULL, 1, '', NULL, '2022-07-23', 17, '0.00', 0, '', '', 'no guardar foto x duplicidad'),
(118, NULL, 3, '', NULL, '2022-07-22', 17, '0.00', 0, '', '', 'nnn'),
(110, NULL, 1, '', NULL, '2022-07-20', 24, '0.00', 0, '', '', 'ljljlknlkn'),
(141, NULL, 3, '', NULL, '2022-07-27', 13, '0.00', 0, 'Crema', '', 'Botox like'),
(142, NULL, 1, '', NULL, '2022-07-28', 24, '0.00', 0, '', '', 'Gffff'),
(150, NULL, 1, '', NULL, '2022-08-04', 16, '0.00', 0, '', '', 'demogorgon'),
(151, NULL, 1, '', NULL, '2022-08-05', 26, '0.00', 0, '', '', 'Relleno labios'),
(148, NULL, 3, 'desde turnos', NULL, '2022-08-01', 17, '0.00', 0, '', '', 'ddddddd \nkkkkkkkm   jvjhjhjhvhjvhjvjh\njhv'),
(149, NULL, 7, 'esde turno', NULL, '2022-08-01', 17, '0.00', 0, '', '', 'lggffff'),
(78, NULL, 3, '', NULL, '2022-07-18', 4, '0.00', 0, 'mas papa', 'papa', 'aguante leaim'),
(79, NULL, 1, 'lalala', NULL, '2022-07-18', 18, '0.00', 0, '', 'faah', 'prueba con pirulo'),
(83, NULL, 3, '', NULL, '2022-07-18', 18, '0.00', 0, '', '', 'sin fotos'),
(82, NULL, 3, '', NULL, '2022-07-18', 18, '0.00', 0, '', '', 'con 2 fotos'),
(84, NULL, 1, '', NULL, '2022-07-18', 18, '0.00', 0, '', '', 'otro server'),
(88, NULL, 3, '', NULL, '2022-07-18', 1, '0.00', 0, '', '', 'mirta nuevo servidor'),
(89, NULL, 6, '', NULL, '2022-07-18', 1, '0.00', 0, '', '', 'mmmmmm'),
(90, NULL, 7, '', NULL, '2022-07-18', 1, '0.00', 0, '', '', 'llll'),
(98, NULL, 1, '', NULL, '2022-07-19', 22, '0.00', 0, '', 'ddddd', 'eeeeee'),
(96, NULL, 7, '', NULL, '2022-07-19', 3, '0.00', 0, 'chimuelo', '', 'belerofonte'),
(99, NULL, 6, '', NULL, '2022-07-19', 22, '0.00', 0, 'sin foto', '', 'weewewdewd'),
(101, NULL, 3, '', NULL, '2022-07-19', 22, '0.00', 0, '', '', 'foto erase'),
(102, NULL, 1, '', NULL, '2022-08-04', 22, '0.00', 0, '', '', 'foto borrar'),
(155, NULL, 1, '', NULL, '2022-08-15', 27, '0.00', 0, '', '', 'Barnie'),
(156, NULL, 6, '', NULL, '2022-08-16', 27, '0.00', 0, '', '', 'llllllkkk');

-- --------------------------------------------------------

--
-- Estructura de tabla para la tabla `horarios`
--

CREATE TABLE `horarios` (
  `id` int(20) NOT NULL,
  `id_profesional` int(20) NOT NULL,
  `ludesde` time NOT NULL,
  `luhasta` time NOT NULL,
  `madesde` time NOT NULL,
  `mahasta` time NOT NULL,
  `midesde` time NOT NULL,
  `mihasta` time NOT NULL,
  `judesde` time NOT NULL,
  `juhasta` time NOT NULL,
  `videsde` time NOT NULL,
  `vihasta` time NOT NULL,
  `sadesde` time NOT NULL,
  `sahasta` time NOT NULL,
  `dodesde` time NOT NULL,
  `dohasta` time NOT NULL,
  `vigencia` date NOT NULL
) ENGINE=MyISAM DEFAULT CHARSET=latin1;

-- --------------------------------------------------------

--
-- Estructura de tabla para la tabla `intervencion`
--

CREATE TABLE `intervencion` (
  `id` int(20) NOT NULL,
  `nombre` varchar(200) NOT NULL,
  `descrip` text DEFAULT NULL,
  `id_departamento` int(20) NOT NULL
) ENGINE=MyISAM DEFAULT CHARSET=latin1;

--
-- Volcado de datos para la tabla `intervencion`
--

INSERT INTO `intervencion` (`id`, `nombre`, `descrip`, `id_departamento`) VALUES
(2, 'SOPRANO', 'soprano depilacion definitiva', 2),
(3, 'CONSULTA DERMATO', 'consulta medica dermatologica', 1),
(4, 'CONSULTA ESTETICA', 'Consulta medica y asesoramiento de estetica corporal', 2),
(5, 'MESO CAPILAR', 'Meso capilar', 2),
(6, 'PLASMA RP', 'Plasma', 2),
(7, 'NEVO EXTRACCION', 'Extraccion quirurjica de lunar', 1),
(8, 'NEVO QUEMA', 'Quemar lunar', 1),
(9, 'OTRO DERMATO', 'INTERVENCION O CONSULTA ESPECIAL NO CATALOGADA', 1),
(10, 'OTRO CIRUJIA', 'INTERVENCION O CONSULTA ESPECIAL NO CATALOGADA', 6),
(11, 'OTRO ESTETICA', 'INTERVENCION O CONSULTA ESPECIAL NO CATALOGADA', 2),
(12, 'OTRO NUTRICION', 'INTERVENCION O CONSULTA ESPECIAL NO CATALOGADA', 4),
(13, 'OTRO COSMETOLOGIA', 'INTERVENCION O CONSULTA ESPECIAL NO CATALOGADA', 3),
(14, 'OTRO FLEBO', 'INTERVENCION O CONSULTA ESPECIAL NO CATALOGADA', 5);

-- --------------------------------------------------------

--
-- Estructura de tabla para la tabla `medidas`
--

CREATE TABLE `medidas` (
  `id` int(20) NOT NULL,
  `id_paciente` int(20) NOT NULL,
  `fecha` date NOT NULL,
  `brazo` decimal(5,2) DEFAULT NULL,
  `busto` decimal(5,2) DEFAULT NULL,
  `cintura` decimal(5,2) DEFAULT NULL,
  `cadera_alta` decimal(5,2) DEFAULT NULL,
  `cadera_baja` decimal(5,2) DEFAULT NULL,
  `gluteos` decimal(5,2) DEFAULT NULL,
  `muslo_superior` decimal(5,2) DEFAULT NULL,
  `muslo_inferior` decimal(5,2) DEFAULT NULL,
  `rodilla` decimal(5,2) DEFAULT NULL,
  `pantorrilla` decimal(5,2) DEFAULT NULL,
  `tobillo` decimal(5,2) DEFAULT NULL
) ENGINE=InnoDB DEFAULT CHARSET=latin1 COMMENT='medidas de los pacientes ';

--
-- Volcado de datos para la tabla `medidas`
--

INSERT INTO `medidas` (`id`, `id_paciente`, `fecha`, `brazo`, `busto`, `cintura`, `cadera_alta`, `cadera_baja`, `gluteos`, `muslo_superior`, `muslo_inferior`, `rodilla`, `pantorrilla`, `tobillo`) VALUES
(6, 2, '2015-08-27', '56.00', NULL, NULL, '66.00', NULL, NULL, NULL, NULL, NULL, NULL, NULL),
(7, 1, '2015-08-28', NULL, NULL, '80.00', '56.00', NULL, NULL, NULL, NULL, NULL, NULL, NULL),
(13, 13, '2022-06-08', '99.00', NULL, '88.00', NULL, NULL, NULL, NULL, NULL, NULL, NULL, NULL),
(14, 21, '2022-06-08', NULL, '99.00', NULL, NULL, NULL, NULL, NULL, NULL, NULL, NULL, NULL),
(15, 21, '2022-06-09', '88.00', NULL, NULL, NULL, NULL, NULL, NULL, NULL, NULL, NULL, NULL),
(16, 0, '2022-06-18', '78.00', NULL, NULL, NULL, NULL, NULL, NULL, NULL, NULL, NULL, NULL),
(17, 0, '2022-06-18', '78.00', NULL, NULL, NULL, NULL, NULL, NULL, NULL, NULL, NULL, NULL),
(18, 0, '2022-06-18', NULL, '7.00', NULL, NULL, NULL, NULL, NULL, NULL, NULL, NULL, NULL),
(19, 0, '2022-06-18', NULL, NULL, NULL, NULL, NULL, NULL, NULL, '7.00', NULL, NULL, NULL),
(20, 0, '2022-06-18', '7.00', NULL, NULL, NULL, NULL, NULL, NULL, NULL, NULL, NULL, NULL),
(21, 0, '2022-06-18', '8.00', NULL, NULL, NULL, NULL, NULL, NULL, NULL, NULL, NULL, NULL),
(22, 0, '2022-06-18', NULL, NULL, '8.00', NULL, NULL, NULL, NULL, NULL, NULL, NULL, NULL),
(28, 13, '2022-06-19', '100.00', NULL, NULL, NULL, NULL, NULL, NULL, NULL, NULL, NULL, NULL),
(29, 4, '2022-07-09', NULL, NULL, NULL, '44.00', '88.00', NULL, NULL, NULL, NULL, NULL, NULL),
(33, 18, '2022-08-16', NULL, '34.00', '55.00', NULL, NULL, NULL, NULL, NULL, NULL, NULL, NULL);

-- --------------------------------------------------------

--
-- Estructura de tabla para la tabla `menutree`
--

CREATE TABLE `menutree` (
  `id` int(20) NOT NULL,
  `nombre` varchar(50) NOT NULL,
  `ruta` varchar(500) DEFAULT NULL,
  `imagen` varchar(500) DEFAULT NULL,
  `descrip` text DEFAULT NULL,
  `id_padre` int(20) DEFAULT NULL
) ENGINE=MyISAM DEFAULT CHARSET=latin1;

--
-- Volcado de datos para la tabla `menutree`
--

INSERT INTO `menutree` (`id`, `nombre`, `ruta`, `imagen`, `descrip`, `id_padre`) VALUES
(1, 'Mantenimiento', NULL, NULL, NULL, NULL),
(2, 'Calendario', NULL, NULL, NULL, NULL),
(3, 'Reportes y Consultas', NULL, NULL, NULL, NULL),
(4, 'Tableros', NULL, NULL, NULL, NULL),
(5, 'Area', NULL, NULL, 'areas afectadas donde se aplican las intervenciones. xejemplo: manos, pies, facial, abdomen, muslo, gluteos, cabello, etc...', 1),
(6, 'Departamento', NULL, NULL, 'departamentos o areas medicas', 1),
(7, 'Diagnosticos', NULL, NULL, 'los diagnosticos', 1),
(8, 'Estados Turnos', NULL, NULL, 'valores que manejan los turnos en cuanto a sus estados de operatividad.', 1),
(9, 'Obras Sociales', NULL, NULL, 'las obras sociales en unidad de razon social y plan. ejemplo: (OSDE 210, OSDE 310, GALENO 210, GALENO ORO, ETC)', 1),
(10, 'Pacientes', NULL, NULL, 'listado de pacientes', 1),
(11, 'Usuarios', NULL, NULL, 'usuarios del sistema', 1),
(12, 'Nuevo Turno', NULL, NULL, 'alta de turno', 2),
(13, 'Profesionales', NULL, NULL, 'profesionales medicos, tecnicos o especialistas', 1),
(14, 'Agendas', NULL, NULL, 'agendas y turnos de profesionales', 2),
(15, 'Historias Clinicas', NULL, NULL, NULL, 3),
(16, 'Agenda Personal', NULL, NULL, 'agenda del profesional', 14);

-- --------------------------------------------------------

--
-- Estructura de tabla para la tabla `mov_caja`
--

CREATE TABLE `mov_caja` (
  `id` int(20) NOT NULL,
  `id_ctacont_mes` int(20) NOT NULL,
  `tipo_mov` int(1) NOT NULL COMMENT '0: entrada\n1:salida',
  `fecha` date NOT NULL,
  `id_paciente` int(20) DEFAULT NULL,
  `moneda` int(1) NOT NULL COMMENT '0:pesos\n1:dolar\n2:otro',
  `tipo_cta` int(1) NOT NULL COMMENT '0:caja\n1:cta cte bancaria',
  `monto` decimal(15,2) NOT NULL DEFAULT 0.00,
  `descripcion` text DEFAULT NULL,
  `cierre_mes` int(1) NOT NULL COMMENT '0:periodo en curso\n1:balance cerrado.',
  `usu_alta` varchar(50) NOT NULL,
  `usu_mod` varchar(50) DEFAULT NULL,
  `fec_alta` datetime NOT NULL,
  `fec_mod` datetime DEFAULT NULL
) ENGINE=InnoDB DEFAULT CHARSET=latin1;

-- --------------------------------------------------------

--
-- Estructura de tabla para la tabla `mov_paciente`
--

CREATE TABLE `mov_paciente` (
  `id` int(20) NOT NULL,
  `id_paciente` int(20) NOT NULL,
  `id_mov_caja` int(20) DEFAULT NULL,
  `fecha` date NOT NULL,
  `username` varchar(50) NOT NULL,
  `tipo_mov` int(1) NOT NULL COMMENT '0: entrada\n1: salida',
  `id_histo` int(20) DEFAULT NULL,
  `id_producto` int(20) DEFAULT NULL,
  `moneda` int(1) NOT NULL COMMENT '0:pesos\n1:dolar\n2:otro',
  `monto` decimal(15,2) NOT NULL DEFAULT 0.00,
  `descripcion` text DEFAULT NULL,
  `cierre_mes` int(1) NOT NULL COMMENT '0:periodo en curso\n1:balance cerrado.'
) ENGINE=InnoDB DEFAULT CHARSET=latin1;

-- --------------------------------------------------------

--
-- Estructura de tabla para la tabla `paciente`
--

CREATE TABLE `paciente` (
  `id` int(20) NOT NULL,
  `nombre` varchar(50) NOT NULL,
  `apellido` varchar(50) NOT NULL,
  `fecha_nac` date DEFAULT NULL,
  `edad` int(11) DEFAULT NULL,
  `ocupacion` varchar(50) DEFAULT NULL,
  `hijos` int(11) DEFAULT NULL,
  `direccion` varchar(100) DEFAULT NULL,
  `codpostal` varchar(20) DEFAULT NULL,
  `sexo` varchar(1) DEFAULT NULL,
  `celular` varchar(15) DEFAULT NULL,
  `telefono` varchar(15) DEFAULT NULL,
  `email` varchar(100) DEFAULT NULL,
  `obrasocial` varchar(100) DEFAULT NULL,
  `nro_afiliado` varchar(50) DEFAULT NULL,
  `id_foto` int(20) DEFAULT NULL,
  `notas` text DEFAULT NULL,
  `fecha_ingreso` datetime NOT NULL,
  `ranking` int(2) DEFAULT NULL,
  `dni` int(8) DEFAULT NULL,
  `username` varchar(50) DEFAULT NULL
) ENGINE=MyISAM DEFAULT CHARSET=latin1;

--
-- Volcado de datos para la tabla `paciente`
--

INSERT INTO `paciente` (`id`, `nombre`, `apellido`, `fecha_nac`, `edad`, `ocupacion`, `hijos`, `direccion`, `codpostal`, `sexo`, `celular`, `telefono`, `email`, `obrasocial`, `nro_afiliado`, `id_foto`, `notas`, `fecha_ingreso`, `ranking`, `dni`, `username`) VALUES
(1, 'Mirta chiqui', 'Legrand', '1900-01-02', 1, 'conductora', 3, 'cucha ', '', 'F', '11-67538-3584', '4790-5896', 'chiqui@hotmail.com', NULL, NULL, 4, 'Mirta has a BS degree in chemistry from Boston College (1984). She fuck has also completed a certificate program in food retailing management. Janet was hired as a sales associate in 1991 and promoted to sales representative in February 1992.', '2015-01-01 00:00:00', 3, NULL, NULL),
(2, 'Susana golfa', 'Gimenes', NULL, 75, 'conductora TV', 2, 'cucha cucha ', '1429', 'F', '11-5895-5441', '4743-98206', 'holasusana@hotmail.com', '', '', 2, 'Susana Education includes a BA in psychology from Colorado State University in 1999. She also completed \'The Art of the Cold Call.\' Nancy is a member of Toastmasters niccures.zz', '2015-01-01 00:00:00', 1, 47555444, NULL),
(3, 'Robelfo', 'Chilli', NULL, 50, 'programador', 1, NULL, NULL, 'M', '156-8596-6541', '4747-1245', NULL, NULL, NULL, NULL, 'Robelfo has a BS degree in chemistry from Boston College (1984). She has also completed a certificate program in food retailing management. Janet was hired as a sales associate in 1991 and promoted to sales representative in February 1992.', '2015-01-01 00:00:00', 1, NULL, NULL),
(4, 'Liam', 'Neeson', NULL, 56, 'actor principal ', 0, 'cucha cucha 1234', '', 'F', '11-2345-4532', '112', '', NULL, NULL, 14, 'De la saga Taken3 masomenos', '2015-01-01 00:00:00', 4, NULL, NULL),
(13, 'Nicolas', 'Nieves', NULL, 41, 'Programador', 1, '', '', 'M', '', '', '', NULL, NULL, NULL, 'holaaaa mundo!', '2015-01-01 00:00:00', NULL, NULL, NULL),
(17, 'Jessica', 'Fulana', '2022-07-01', 29, 'golfa', 1, 'kufjytfa', '667788', 'F', '', '2332222', '', 'OSDE 210', '2-55448-6878-0', NULL, 'hola mundo ejemplo de update.m', '2015-05-01 00:00:00', 3, 35778887, NULL),
(18, 'Juan', 'Pirulo', '1980-11-14', 28, 'paja', 3, 'oo', '', 'M', '', '', '', NULL, NULL, NULL, 'Este tipo Juan es un jodido.', '2015-07-17 00:00:00', 3, NULL, NULL),
(21, 'Nico', 'niccur', NULL, 0, '', 0, '', '', 'M', '', '', '', NULL, NULL, NULL, '', '2022-06-08 00:00:00', NULL, NULL, NULL),
(22, 'mr. Bean', 'Bean', NULL, 0, '', 0, '', '', '', '', '', '', NULL, NULL, NULL, '', '2022-06-09 00:00:00', NULL, NULL, NULL),
(23, 'MR. Culo', 'Marron', NULL, 0, 'nada', 0, 'cucha cucha 123', '', '', '', '', '', NULL, NULL, NULL, 'tipo que nada', '2022-06-18 00:00:00', NULL, NULL, NULL),
(24, 'homero', 'chino', NULL, 32, '', 0, '', '', 'M', '', '', '', '', '', NULL, 'homero chino no toma cerveza.', '2022-06-24 00:00:00', NULL, 23333555, NULL),
(26, 'Julieta', 'Benvenuto', '1982-12-20', 39, 'Medica', 2, 'Adolfo bellocq', '163', 'F', '1567429227', '1567429227', 'Julibenvenuto@hotmail.com', 'Osde 210', '6134695908', NULL, 'Recomendacion hermana', '2022-07-27 00:00:00', NULL, 29732891, NULL),
(27, 'Barnie', 'Gomez', '1980-01-24', 0, '', 0, '', '', 'M', '', '', '', '', '', NULL, 'borrachom', '2022-08-12 00:00:00', NULL, 12345678, NULL);

-- --------------------------------------------------------

--
-- Estructura de tabla para la tabla `precios`
--

CREATE TABLE `precios` (
  `id` int(20) NOT NULL,
  `vigencia` date NOT NULL,
  `id_intervencion` int(20) NOT NULL,
  `precio` decimal(15,2) NOT NULL DEFAULT 0.00,
  `moneda` int(1) NOT NULL DEFAULT 0 COMMENT '0:pesos\n1:dolar\n2:otros',
  `descripcion` text DEFAULT NULL,
  `id_producto` int(20) DEFAULT NULL
) ENGINE=InnoDB DEFAULT CHARSET=latin1;

--
-- Volcado de datos para la tabla `precios`
--

INSERT INTO `precios` (`id`, `vigencia`, `id_intervencion`, `precio`, `moneda`, `descripcion`, `id_producto`) VALUES
(1, '2015-09-20', 6, '25000.00', 0, NULL, NULL),
(2, '2015-07-22', 6, '800.00', 0, NULL, NULL),
(3, '2015-09-15', 7, '121.00', 1, NULL, NULL),
(5, '2015-08-01', 2, '450.00', 0, NULL, NULL);

-- --------------------------------------------------------

--
-- Estructura de tabla para la tabla `producto`
--

CREATE TABLE `producto` (
  `id` int(20) NOT NULL,
  `nombre` varchar(50) NOT NULL,
  `descripcion` text DEFAULT NULL
) ENGINE=InnoDB DEFAULT CHARSET=latin1;

--
-- Volcado de datos para la tabla `producto`
--

INSERT INTO `producto` (`id`, `nombre`, `descripcion`) VALUES
(1, 'RETINAGE', 'CREMA PARA LA CARA'),
(2, 'CREMA XXL', 'CREMA DE EJEMPLO');

-- --------------------------------------------------------

--
-- Estructura de tabla para la tabla `producto_paciente`
--

CREATE TABLE `producto_paciente` (
  `id` int(20) NOT NULL,
  `id_producto` int(20) NOT NULL,
  `cantidad` decimal(10,0) NOT NULL,
  `id_histo` int(20) NOT NULL
) ENGINE=InnoDB DEFAULT CHARSET=latin1;

-- --------------------------------------------------------

--
-- Estructura de tabla para la tabla `profesional`
--

CREATE TABLE `profesional` (
  `id` int(20) NOT NULL,
  `nombre` varchar(50) NOT NULL,
  `apellido` varchar(50) NOT NULL,
  `email` varchar(100) DEFAULT NULL,
  `sexo` varchar(1) DEFAULT NULL,
  `telefono` varchar(15) DEFAULT NULL,
  `celular` varchar(15) DEFAULT NULL,
  `tratamiento` varchar(15) DEFAULT NULL,
  `color` varchar(15) DEFAULT NULL,
  `id_foto` varchar(20) DEFAULT NULL,
  `medico` varchar(1) NOT NULL DEFAULT 'N'
) ENGINE=MyISAM DEFAULT CHARSET=latin1;

--
-- Volcado de datos para la tabla `profesional`
--

INSERT INTO `profesional` (`id`, `nombre`, `apellido`, `email`, `sexo`, `telefono`, `celular`, `tratamiento`, `color`, `id_foto`, `medico`) VALUES
(1, 'Julieta', 'Benvenuto', NULL, 'F', NULL, NULL, 'Dra.', '#CC5974', NULL, 'S'),
(6, 'Romina', 'Delfabro', NULL, 'F', NULL, NULL, 'Dra.', '#268EA0', NULL, 'S'),
(3, 'Fulano', 'de tal', NULL, 'M', NULL, NULL, NULL, '#B45F04', NULL, 'N'),
(7, 'Nicolas', 'Nieves', NULL, 'M', NULL, NULL, NULL, '#A0AA7C', NULL, 'N');

-- --------------------------------------------------------

--
-- Estructura de tabla para la tabla `referidos`
--

CREATE TABLE `referidos` (
  `id` int(20) NOT NULL,
  `id_paciente` int(20) NOT NULL,
  `id_referido` int(20) NOT NULL
) ENGINE=InnoDB DEFAULT CHARSET=latin1 COMMENT='tabla de pacientes referidos por otros. Relación padre hijo anidada.\r\nEl sistema deberá validar que un paciente no puede contener un referido el cual es/fue el recomendador de éste.\r\nVarios pacientes pueden haber referido al mismo paciente nuevo.';

-- --------------------------------------------------------

--
-- Estructura de tabla para la tabla `tratamiento_cab`
--

CREATE TABLE `tratamiento_cab` (
  `id` int(20) NOT NULL,
  `nombre` varchar(20) NOT NULL,
  `descripcion` text DEFAULT NULL,
  `estado` int(1) NOT NULL DEFAULT 0 COMMENT '0: activo\n1: inactivo'
) ENGINE=InnoDB DEFAULT CHARSET=latin1;

--
-- Volcado de datos para la tabla `tratamiento_cab`
--

INSERT INTO `tratamiento_cab` (`id`, `nombre`, `descripcion`, `estado`) VALUES
(1, 'MESO CAPILAR PRP 10', 'mesoterapia capilar con plasma rico en plaquetas W3Schools is optimized for learning, testing, and training. Examples might be simplified to improve reading and basic understanding. Tutorials, references, and examples are constantly reviewed to avoid errors, but we cannot warrant full correctness of all content. While using this site, you agree to have read and accepted our terms of use, cookie and privacy policy. Copyright 1999-2015 by Refsnes Data. All Rights Reserved.', 0),
(2, 'SOPRANO FULL', 'depilacion con soprano full', 0),
(3, 'CONSULTA ESTETICA', NULL, 0),
(4, 'CONSULTA DERMATO', NULL, 0),
(5, 'CAVIX 1', NULL, 1);

-- --------------------------------------------------------

--
-- Estructura de tabla para la tabla `tratamiento_det`
--

CREATE TABLE `tratamiento_det` (
  `id` int(20) NOT NULL,
  `id_tratamiento_cab` int(20) NOT NULL,
  `id_intervencion` int(20) NOT NULL,
  `sesiones` int(11) NOT NULL DEFAULT 1,
  `estado` int(1) NOT NULL DEFAULT 0 COMMENT '0:activo\n1:inactivo'
) ENGINE=InnoDB DEFAULT CHARSET=latin1;

--
-- Volcado de datos para la tabla `tratamiento_det`
--

INSERT INTO `tratamiento_det` (`id`, `id_tratamiento_cab`, `id_intervencion`, `sesiones`, `estado`) VALUES
(32, 1, 5, 5, 0),
(33, 1, 6, 5, 0),
(34, 2, 15, 3, 0),
(35, 2, 16, 6, 0),
(36, 2, 17, 4, 0),
(37, 2, 18, 2, 0),
(38, 3, 4, 1, 0);

-- --------------------------------------------------------

--
-- Estructura de tabla para la tabla `trat_paciente`
--

CREATE TABLE `trat_paciente` (
  `id` int(20) NOT NULL COMMENT 'asignacion de tratamientos y paquetes de tratamientos a pacientes',
  `id_paciente` int(20) NOT NULL,
  `id_histo` int(20) DEFAULT NULL COMMENT 'los valores nulos son tratamientos pendientes que no fueron ingresados al sistema de historia clinica.\nLos tratamientos con con id_histo dejan de estar pendientes',
  `turno` datetime DEFAULT NULL COMMENT 'al momento de dar un turno se puede cargar un tratamiento pendiente id_intervencion.\nO al entrar a la "asignacion de tratamientos por paciente" se debera poder asignarle un turno a cada uno',
  `descripcion` text DEFAULT NULL,
  `id_profesional` int(20) NOT NULL
) ENGINE=InnoDB DEFAULT CHARSET=latin1;

--
-- Volcado de datos para la tabla `trat_paciente`
--

INSERT INTO `trat_paciente` (`id`, `id_paciente`, `id_histo`, `turno`, `descripcion`, `id_profesional`) VALUES
(2, 17, 1, '2017-09-12 11:30:00', 'modificado    \nplasma y meso    \ncambio a nada   \nagrego soprano                                 ', 3),
(10, 1, NULL, '2018-09-19 17:30:00', 'efswfweferwgfreg      ', 3),
(17, 18, NULL, '2022-06-21 21:31:00', '                                        \n                                    caca', 3),
(24, 17, 148, '2022-07-28 11:03:00', 'ddddddd \nkkkkkkkm   jvjhjhjhvhjvhjvjh\njhv', 3),
(31, 13, NULL, '2022-07-07 23:41:00', 'hhhhh         ', 3),
(32, 26, 151, '2022-07-27 23:49:00', '                                        \n                               Relleno labios', 1),
(33, 17, 149, '2022-08-18 15:21:00', 'lggffff', 7),
(35, 17, NULL, '2022-08-31 16:04:00', 'Prueba datos desplegable.', 6),
(36, 2, NULL, '2022-08-11 19:47:00', 'lalala', 7),
(38, 24, NULL, '2022-08-16 23:39:00', 'kkkkk', 7);

-- --------------------------------------------------------

--
-- Estructura de tabla para la tabla `trat_paciente_inter`
--

CREATE TABLE `trat_paciente_inter` (
  `id` int(20) NOT NULL,
  `id_intervencion` int(20) NOT NULL,
  `id_trat_paciente` int(20) NOT NULL
) ENGINE=InnoDB DEFAULT CHARSET=latin1;

--
-- Volcado de datos para la tabla `trat_paciente_inter`
--

INSERT INTO `trat_paciente_inter` (`id`, `id_intervencion`, `id_trat_paciente`) VALUES
(28, 2, 2),
(27, 10, 2),
(54, 2, 10),
(53, 6, 10),
(52, 11, 10),
(56, 12, 10),
(55, 14, 10),
(69, 8, 11),
(68, 13, 11);

-- --------------------------------------------------------

--
-- Estructura de tabla para la tabla `turno`
--

CREATE TABLE `turno` (
  `id` int(20) NOT NULL,
  `id_paciente` int(20) NOT NULL,
  `id_profesional` int(20) NOT NULL,
  `start` datetime NOT NULL,
  `end` datetime NOT NULL,
  `descrip` text DEFAULT NULL,
  `id_estadoturno` int(20) NOT NULL DEFAULT 1,
  `ocupado` varchar(10) NOT NULL DEFAULT 'false',
  `editable` varchar(10) NOT NULL DEFAULT 'true'
) ENGINE=MyISAM DEFAULT CHARSET=latin1;

--
-- Volcado de datos para la tabla `turno`
--

INSERT INTO `turno` (`id`, `id_paciente`, `id_profesional`, `start`, `end`, `descrip`, `id_estadoturno`, `ocupado`, `editable`) VALUES
(1, 1, 1, '2014-09-02 07:05:22', '2014-09-02 07:35:32', 'Esta es la descripcion del turno\r\njQWidgets is built with performance in mind. It is small in size, highly modular and extensible. Individual widgets and themes can be loaded on demand to further optimize the download time and save memory. All widgets are optimized for optimal user experience on smart phones, tablets and PCs running different operating systems and browsers. ', 1, 'false', 'true'),
(10, 2, 3, '2014-11-23 07:00:00', '2014-11-23 07:30:00', 'susi susi', 1, 'false', 'true'),
(11, 2, 3, '2014-11-20 09:00:00', '2014-11-20 10:00:00', 'lalalalala', 1, 'false', 'true'),
(12, 2, 1, '2014-11-24 10:15:00', '2014-11-24 11:15:00', 'tetita', 1, 'false', 'true'),
(13, 1, 3, '2014-11-21 00:00:00', '2014-11-24 00:00:00', 'turno largo de mirta', 1, 'false', 'true'),
(14, 2, 7, '2015-04-16 23:00:00', '2015-04-16 23:30:00', '', 1, 'false', 'true'),
(15, 3, 7, '2015-04-15 08:15:00', '2015-04-15 08:30:00', 'putiputii', 1, 'false', 'true'),
(16, 1, 1, '2015-04-16 09:00:00', '2015-04-16 09:45:00', 'lalalaa', 1, 'false', 'true'),
(17, 4, 6, '2015-04-16 12:00:00', '2015-04-16 13:45:00', 'eusiugweiudfewiudwed edwedweoduhewpoowedewdew.weoudhewodiuhewddwedw', 1, 'false', 'true'),
(18, 1, 1, '2015-04-16 13:15:00', '2015-04-16 14:30:00', 'blanqueo anal', 1, 'false', 'true'),
(19, 1, 3, '2015-05-27 07:15:00', '2015-05-27 08:00:00', 'llla', 1, 'false', 'true'),
(20, 2, 7, '2014-09-08 11:00:00', '2014-09-08 11:45:00', 'turno conmigo', 1, 'false', 'true'),
(21, 2, 7, '2015-09-08 09:30:00', '2015-09-08 10:15:00', 'turno de susana conmigo', 1, 'false', 'true'),
(22, 3, 1, '2015-09-08 12:15:00', '2015-09-08 12:45:00', 'de juli', 1, 'false', 'true'),
(23, 1, 6, '2015-09-30 10:30:00', '2015-09-30 11:30:00', 'de adriana', 1, 'false', 'true'),
(28, 2, 1, '2015-11-18 13:30:00', '2015-11-18 13:45:00', 'soprano', 1, 'false', 'true'),
(29, 13, 1, '2015-11-18 14:00:00', '2015-11-18 14:15:00', 'soprano', 2, 'false', 'true'),
(88, 18, 7, '2017-07-27 08:15:00', '2017-07-27 09:00:00', 'nevo3', 1, 'false', 'true'),
(87, 18, 7, '2017-08-03 07:30:00', '2017-08-03 08:15:00', 'meso3', 1, 'false', 'true'),
(86, 4, 3, '2017-07-20 08:00:00', '2017-07-20 08:30:00', 'iugiug', 1, 'false', 'true'),
(85, 4, 3, '2017-07-19 07:15:00', '2017-07-19 07:45:00', 'jjjjjg', 1, 'false', 'true'),
(83, 2, 1, '2017-07-14 10:00:00', '2017-07-14 10:30:00', 'lala', 1, 'false', 'true'),
(37, 4, 6, '2016-02-25 13:45:00', '2016-02-25 14:30:00', 'dale liam', 1, 'false', 'true'),
(38, 4, 3, '2016-02-15 07:15:00', '2016-02-15 07:30:00', 'ccacaac', 1, 'false', 'true'),
(39, 4, 6, '2016-02-15 08:30:00', '2016-02-15 08:45:00', '', 1, 'false', 'true'),
(40, 4, 1, '2016-02-12 06:30:00', '2016-02-12 07:00:00', 'llll', 1, 'false', 'true'),
(41, 3, 1, '2016-02-23 07:15:00', '2016-02-23 08:00:00', 'lloihouih', 1, 'false', 'true'),
(45, 13, 1, '2016-02-15 08:00:00', '2016-02-15 09:00:00', 'otro de nicolas', 1, 'false', 'true'),
(90, 4, 1, '2018-05-29 09:00:00', '2018-05-29 09:30:00', 'tratamiento pendiente de ejemplo para soprano o lo que fuere', 1, 'false', 'true'),
(89, 18, 6, '2017-07-19 08:15:00', '2017-07-19 08:45:00', 'iyguygf', 1, 'false', 'true'),
(79, 1, 1, '2016-04-20 09:45:00', '2016-04-20 10:00:00', 'Soprano cola 1 2', 1, 'false', 'true'),
(91, 17, 1, '2018-09-12 08:00:00', '2018-09-12 08:45:00', 'hols', 1, 'false', 'true'),
(93, 24, 3, '2022-07-12 07:15:00', '2022-07-12 08:00:00', 'lala', 1, 'false', 'true'),
(94, 2, 6, '2022-07-13 10:30:00', '2022-07-13 11:45:00', 'lll', 1, 'false', 'true'),
(95, 24, 3, '2022-07-27 08:15:00', '2022-07-27 08:30:00', 'Lalala', 1, 'false', 'true');

-- --------------------------------------------------------

--
-- Estructura de tabla para la tabla `usuarioprofs`
--

CREATE TABLE `usuarioprofs` (
  `username` varchar(50) NOT NULL,
  `id_profesional` int(20) NOT NULL
) ENGINE=MyISAM DEFAULT CHARSET=latin1;

--
-- Volcado de datos para la tabla `usuarioprofs`
--

INSERT INTO `usuarioprofs` (`username`, `id_profesional`) VALUES
('juli', 1),
('niccur', 7),
('romina', 6);

-- --------------------------------------------------------

--
-- Estructura de tabla para la tabla `usuarios`
--

CREATE TABLE `usuarios` (
  `username` varchar(50) NOT NULL,
  `clave` varchar(200) NOT NULL,
  `acceso` int(1) DEFAULT 0,
  `estado` int(1) NOT NULL DEFAULT 0,
  `nombre` varchar(50) NOT NULL,
  `apellido` varchar(50) NOT NULL
) ENGINE=MyISAM DEFAULT CHARSET=latin1;

--
-- Volcado de datos para la tabla `usuarios`
--

INSERT INTO `usuarios` (`username`, `clave`, `acceso`, `estado`, `nombre`, `apellido`) VALUES
('niccur', 'f677a89b2e90b5f0b311db219e021c55470964e0', 1, 1, 'Nicolas', 'Nieves'),
('juli', 'd476eeb564dbef8050c9671ba0ed109f1b0ff34e', 2, 1, 'JULIETA', 'BENVENUTO'),
('lara', '62ff595c229d4dd34c3e065cb742fa802b949944', 3, 1, 'Lara', 'Gomez'),
('romina', '62ff595c229d4dd34c3e065cb742fa802b949944', 4, 1, 'Romina', 'Delfabro');

--
-- Índices para tablas volcadas
--

--
-- Indices de la tabla `agenda`
--
ALTER TABLE `agenda`
  ADD PRIMARY KEY (`id`);

--
-- Indices de la tabla `anamnesis`
--
ALTER TABLE `anamnesis`
  ADD PRIMARY KEY (`id`);

--
-- Indices de la tabla `ci_sessions`
--
ALTER TABLE `ci_sessions`
  ADD PRIMARY KEY (`id`),
  ADD KEY `ci_sessions_timestamp` (`timestamp`);

--
-- Indices de la tabla `ctacont_mes`
--
ALTER TABLE `ctacont_mes`
  ADD PRIMARY KEY (`id`);

--
-- Indices de la tabla `ctacont_mes_paciente`
--
ALTER TABLE `ctacont_mes_paciente`
  ADD PRIMARY KEY (`id`);

--
-- Indices de la tabla `departamento`
--
ALTER TABLE `departamento`
  ADD PRIMARY KEY (`id`);

--
-- Indices de la tabla `descuentos`
--
ALTER TABLE `descuentos`
  ADD PRIMARY KEY (`id`);

--
-- Indices de la tabla `diagnostico`
--
ALTER TABLE `diagnostico`
  ADD PRIMARY KEY (`id`);

--
-- Indices de la tabla `diagnosticogrupo`
--
ALTER TABLE `diagnosticogrupo`
  ADD PRIMARY KEY (`id`);

--
-- Indices de la tabla `estadosturnos`
--
ALTER TABLE `estadosturnos`
  ADD PRIMARY KEY (`id`);

--
-- Indices de la tabla `fotos`
--
ALTER TABLE `fotos`
  ADD PRIMARY KEY (`id`);

--
-- Indices de la tabla `histo`
--
ALTER TABLE `histo`
  ADD PRIMARY KEY (`id`);

--
-- Indices de la tabla `horarios`
--
ALTER TABLE `horarios`
  ADD PRIMARY KEY (`id`);

--
-- Indices de la tabla `intervencion`
--
ALTER TABLE `intervencion`
  ADD PRIMARY KEY (`id`),
  ADD UNIQUE KEY `nombre_id_departamento` (`nombre`);

--
-- Indices de la tabla `medidas`
--
ALTER TABLE `medidas`
  ADD PRIMARY KEY (`id`);

--
-- Indices de la tabla `menutree`
--
ALTER TABLE `menutree`
  ADD PRIMARY KEY (`id`);

--
-- Indices de la tabla `mov_caja`
--
ALTER TABLE `mov_caja`
  ADD PRIMARY KEY (`id`);

--
-- Indices de la tabla `mov_paciente`
--
ALTER TABLE `mov_paciente`
  ADD PRIMARY KEY (`id`);

--
-- Indices de la tabla `paciente`
--
ALTER TABLE `paciente`
  ADD PRIMARY KEY (`id`);

--
-- Indices de la tabla `precios`
--
ALTER TABLE `precios`
  ADD PRIMARY KEY (`id`);

--
-- Indices de la tabla `producto`
--
ALTER TABLE `producto`
  ADD PRIMARY KEY (`id`);

--
-- Indices de la tabla `producto_paciente`
--
ALTER TABLE `producto_paciente`
  ADD PRIMARY KEY (`id`);

--
-- Indices de la tabla `profesional`
--
ALTER TABLE `profesional`
  ADD PRIMARY KEY (`id`);

--
-- Indices de la tabla `referidos`
--
ALTER TABLE `referidos`
  ADD PRIMARY KEY (`id`);

--
-- Indices de la tabla `tratamiento_cab`
--
ALTER TABLE `tratamiento_cab`
  ADD PRIMARY KEY (`id`),
  ADD UNIQUE KEY `nombre_UNIQUE` (`nombre`);

--
-- Indices de la tabla `tratamiento_det`
--
ALTER TABLE `tratamiento_det`
  ADD PRIMARY KEY (`id`),
  ADD UNIQUE KEY `index1` (`id_tratamiento_cab`,`id_intervencion`);

--
-- Indices de la tabla `trat_paciente`
--
ALTER TABLE `trat_paciente`
  ADD PRIMARY KEY (`id`);

--
-- Indices de la tabla `trat_paciente_inter`
--
ALTER TABLE `trat_paciente_inter`
  ADD PRIMARY KEY (`id`),
  ADD UNIQUE KEY `id_trat_paciente_UNIQUE` (`id_trat_paciente`,`id_intervencion`);

--
-- Indices de la tabla `turno`
--
ALTER TABLE `turno`
  ADD PRIMARY KEY (`id`);

--
-- Indices de la tabla `usuarios`
--
ALTER TABLE `usuarios`
  ADD PRIMARY KEY (`username`);

--
-- AUTO_INCREMENT de las tablas volcadas
--

--
-- AUTO_INCREMENT de la tabla `agenda`
--
ALTER TABLE `agenda`
  MODIFY `id` int(20) NOT NULL AUTO_INCREMENT, AUTO_INCREMENT=23;

--
-- AUTO_INCREMENT de la tabla `anamnesis`
--
ALTER TABLE `anamnesis`
  MODIFY `id` int(20) NOT NULL AUTO_INCREMENT, AUTO_INCREMENT=20;

--
-- AUTO_INCREMENT de la tabla `ctacont_mes`
--
ALTER TABLE `ctacont_mes`
  MODIFY `id` int(11) NOT NULL AUTO_INCREMENT;

--
-- AUTO_INCREMENT de la tabla `ctacont_mes_paciente`
--
ALTER TABLE `ctacont_mes_paciente`
  MODIFY `id` int(20) NOT NULL AUTO_INCREMENT;

--
-- AUTO_INCREMENT de la tabla `departamento`
--
ALTER TABLE `departamento`
  MODIFY `id` int(20) NOT NULL AUTO_INCREMENT, AUTO_INCREMENT=7;

--
-- AUTO_INCREMENT de la tabla `descuentos`
--
ALTER TABLE `descuentos`
  MODIFY `id` int(20) NOT NULL AUTO_INCREMENT, AUTO_INCREMENT=3;

--
-- AUTO_INCREMENT de la tabla `diagnostico`
--
ALTER TABLE `diagnostico`
  MODIFY `id` int(20) NOT NULL AUTO_INCREMENT, AUTO_INCREMENT=8;

--
-- AUTO_INCREMENT de la tabla `diagnosticogrupo`
--
ALTER TABLE `diagnosticogrupo`
  MODIFY `id` int(20) NOT NULL AUTO_INCREMENT, AUTO_INCREMENT=9;

--
-- AUTO_INCREMENT de la tabla `estadosturnos`
--
ALTER TABLE `estadosturnos`
  MODIFY `id` int(20) NOT NULL AUTO_INCREMENT, AUTO_INCREMENT=5;

--
-- AUTO_INCREMENT de la tabla `fotos`
--
ALTER TABLE `fotos`
  MODIFY `id` int(20) NOT NULL AUTO_INCREMENT, AUTO_INCREMENT=73;

--
-- AUTO_INCREMENT de la tabla `histo`
--
ALTER TABLE `histo`
  MODIFY `id` int(20) NOT NULL AUTO_INCREMENT, AUTO_INCREMENT=157;

--
-- AUTO_INCREMENT de la tabla `horarios`
--
ALTER TABLE `horarios`
  MODIFY `id` int(20) NOT NULL AUTO_INCREMENT;

--
-- AUTO_INCREMENT de la tabla `intervencion`
--
ALTER TABLE `intervencion`
  MODIFY `id` int(20) NOT NULL AUTO_INCREMENT, AUTO_INCREMENT=19;

--
-- AUTO_INCREMENT de la tabla `medidas`
--
ALTER TABLE `medidas`
  MODIFY `id` int(20) NOT NULL AUTO_INCREMENT, AUTO_INCREMENT=35;

--
-- AUTO_INCREMENT de la tabla `menutree`
--
ALTER TABLE `menutree`
  MODIFY `id` int(20) NOT NULL AUTO_INCREMENT, AUTO_INCREMENT=17;

--
-- AUTO_INCREMENT de la tabla `mov_caja`
--
ALTER TABLE `mov_caja`
  MODIFY `id` int(20) NOT NULL AUTO_INCREMENT;

--
-- AUTO_INCREMENT de la tabla `mov_paciente`
--
ALTER TABLE `mov_paciente`
  MODIFY `id` int(20) NOT NULL AUTO_INCREMENT;

--
-- AUTO_INCREMENT de la tabla `paciente`
--
ALTER TABLE `paciente`
  MODIFY `id` int(20) NOT NULL AUTO_INCREMENT, AUTO_INCREMENT=28;

--
-- AUTO_INCREMENT de la tabla `precios`
--
ALTER TABLE `precios`
  MODIFY `id` int(20) NOT NULL AUTO_INCREMENT, AUTO_INCREMENT=6;

--
-- AUTO_INCREMENT de la tabla `producto`
--
ALTER TABLE `producto`
  MODIFY `id` int(20) NOT NULL AUTO_INCREMENT, AUTO_INCREMENT=3;

--
-- AUTO_INCREMENT de la tabla `profesional`
--
ALTER TABLE `profesional`
  MODIFY `id` int(20) NOT NULL AUTO_INCREMENT, AUTO_INCREMENT=8;

--
-- AUTO_INCREMENT de la tabla `referidos`
--
ALTER TABLE `referidos`
  MODIFY `id` int(20) NOT NULL AUTO_INCREMENT;

--
-- AUTO_INCREMENT de la tabla `tratamiento_cab`
--
ALTER TABLE `tratamiento_cab`
  MODIFY `id` int(20) NOT NULL AUTO_INCREMENT, AUTO_INCREMENT=6;

--
-- AUTO_INCREMENT de la tabla `tratamiento_det`
--
ALTER TABLE `tratamiento_det`
  MODIFY `id` int(20) NOT NULL AUTO_INCREMENT, AUTO_INCREMENT=39;

--
-- AUTO_INCREMENT de la tabla `trat_paciente`
--
ALTER TABLE `trat_paciente`
  MODIFY `id` int(20) NOT NULL AUTO_INCREMENT COMMENT 'asignacion de tratamientos y paquetes de tratamientos a pacientes', AUTO_INCREMENT=39;

--
-- AUTO_INCREMENT de la tabla `trat_paciente_inter`
--
ALTER TABLE `trat_paciente_inter`
  MODIFY `id` int(20) NOT NULL AUTO_INCREMENT, AUTO_INCREMENT=70;

--
-- AUTO_INCREMENT de la tabla `turno`
--
ALTER TABLE `turno`
  MODIFY `id` int(20) NOT NULL AUTO_INCREMENT, AUTO_INCREMENT=96;
COMMIT;

/*!40101 SET CHARACTER_SET_CLIENT=@OLD_CHARACTER_SET_CLIENT */;
/*!40101 SET CHARACTER_SET_RESULTS=@OLD_CHARACTER_SET_RESULTS */;
/*!40101 SET COLLATION_CONNECTION=@OLD_COLLATION_CONNECTION */;
